"Market","Brand","Sub Brand","Category","Sub Category","Name","IS_Combo","If Combo - Size","Individual Size (gm)","Price (SAR)","Link","SAR/g"
"Carrefour","Nestle cereals","Nestle cereals","Breakfast Cereals & Bars","Cereals","Country corn flakes 500 g","No","NA","1 pieces/kg","19.95","https://www.carrefourksa.com/mafsau/en/root-maf-category//food-cupboard/breakfast-cereals-bars/cereals/family-cereals/country-corn-flakes-500g/p/126104",19.95
"Carrefour","NESTLE:FITNESS","NESTLE:FITNESS","Breakfast Cereals & Bars","Cereals","Fitness breakfast cereal bar with whole grain & strawberry 23.5 g","No","NA","1 pieces/kg","3.85","https://www.carrefourksa.com/mafsau/en/root-maf-category//food-cupboard/breakfast-cereals-bars/cereals/family-cereal-bars/fitness-cereal-bar-strbry-23-5g/p/561448",3.85
"Carrefour","Poppins","Poppins","Breakfast Cereals & Bars","Cereals","Poppins choco flakes cereal 750 g","No","NA","1 pieces/kg","33.75","https://www.carrefourksa.com/mafsau/en/root-maf-category//food-cupboard/breakfast-cereals-bars/cereals/kids-cereals/poppins-choco-flakes-750g/p/50358",33.75
"Carrefour","Nestle cereals","Nestle cereals","Breakfast Cereals & Bars","Cereals","Nestle country cornflakes bar cardamom 20 g","No","NA","1 pieces/kg","2.75","https://www.carrefourksa.com/mafsau/en/root-maf-category//food-cupboard/breakfast-cereals-bars/cereals/family-cereal-bars/country-corn-flake-bar-cardamom-20g/p/612630",2.75
"Carrefour","NESTLE:FITNESS","NESTLE:FITNESS","Breakfast Cereals & Bars","Cereals","Fitness original cereal made with whole grain 450 g +20 % free","No","NA","1 pieces/kg","24.50","https://www.carrefourksa.com/mafsau/en/root-maf-category//food-cupboard/breakfast-cereals-bars/cereals/fitness-cereals/fitness-cereal-375g-20-free/p/166213",24.5
"Carrefour","NESTLE:FITNESS","NESTLE:FITNESS","Breakfast Cereals & Bars","Cereals","Nestle fitness oats honey almond 355 g + 20% free","No","NA","1 pieces/kg","25.95","https://www.carrefourksa.com/mafsau/en/root-maf-category//food-cupboard/breakfast-cereals-bars/cereals/fitness-cereals/fitness-honey-almond-355g-20-fr/p/513587",25.95
"Carrefour","NESTLE:FITNESS","NESTLE:FITNESS","Breakfast Cereals & Bars","Cereals","Fitness breakfast cereal bar with whole grain & chocolate 23.5 g","No","NA","1 pieces/kg","3.85","https://www.carrefourksa.com/mafsau/en/root-maf-category//food-cupboard/breakfast-cereals-bars/cereals/family-cereal-bars/fitness-cereal-bar-choco-23-5g/p/561450",3.85
"Carrefour","NESTLE:FITNESS","NESTLE:FITNESS","Breakfast Cereals & Bars","Cereals","Fitness fruits fitness cereal made with whole grain low fat & high in fiber 450 g +20 % free","No","NA","1 pieces/kg","25.95","https://www.carrefourksa.com/mafsau/en/root-maf-category//food-cupboard/breakfast-cereals-bars/cereals/fitness-cereals/fitness-fruit-375g-20-free/p/493367",25.95
"Carrefour","Carrefour","Carrefour","Breakfast Cereals & Bars","Cereals","Carrefour xtrem milk cereal 400 g","No","NA","1 pieces/kg","14.95","https://www.carrefourksa.com/mafsau/en/root-maf-category//food-cupboard/breakfast-cereals-bars/cereals/fitness-cereals/crf-xtreme-milk-cereal-400g/p/629461",14.95
"Carrefour","Eggo","Eggo","Breakfast Cereals & Bars","Cereals","Kelloggs coco pops bars 20 g x 6 pieces","No","NA","1 pieces/kg","10.50","https://www.carrefourksa.com/mafsau/en/root-maf-category//food-cupboard/breakfast-cereals-bars/cereals/kids-cereal-bars/kellogg-s-coco-pops-pars-20g-x6/p/599122",10.5
"Carrefour","NA","NA","Breakfast Cereals & Bars","Cereals","Bakalland ba energy bar breakfast cereal with 5 dried fruits 240 g","No","NA","1 pieces/kg","22.50","https://www.carrefourksa.com/mafsau/en/root-maf-category//food-cupboard/breakfast-cereals-bars/cereals/family-cereal-bars/ba-energy-bar-5-dried-fruits-240g/p/645040",22.5
"Carrefour","Poppins","Poppins","Breakfast Cereals & Bars","Cereals","Poppins frosted flakes 375 g","No","NA","1 pieces/kg","20.75","https://www.carrefourksa.com/mafsau/en/root-maf-category//food-cupboard/breakfast-cereals-bars/cereals/kids-cereals/poppins-snowies-375g/p/162274",20.75
"Carrefour","Nestle","Nestle","Breakfast Cereals & Bars","Cereals","Country corn flakes 805 g + 15 % free","No","NA","1 pieces/kg","25.50","https://www.carrefourksa.com/mafsau/en/root-maf-category//food-cupboard/breakfast-cereals-bars/cereals/family-cereals/nestle-corn-flakes-700g-15-extra/p/373071",25.5
"Carrefour","Nestle","Nestle","Breakfast Cereals & Bars","Cereals","Nestle cini minis cereal cinnamon 375 g","No","NA","1 pieces/kg","22.55","https://www.carrefourksa.com/mafsau/en/root-maf-category//food-cupboard/breakfast-cereals-bars/cereals/kids-cereals/nestle-cini-minis-cereal-cinmn-375g/p/633297",22.55
"Carrefour","Kellogg's","Kellogg's","Breakfast Cereals & Bars","Cereals","Kellogg's coco pops jumbo crispy chocolate cereal 375 g","No","NA","1 pieces/kg","16.95SAR","https://www.carrefourksa.com/mafsau/en/root-maf-category//food-cupboard/breakfast-cereals-bars/cereals/kids-cereals/kellogg-s-coco-pop-jumbo-375g/p/301257",16.95
"Carrefour","Nestle","Nestle","Breakfast Cereals & Bars","Cereals","Country corn flakes 430 g + 15 % free","No","NA","1 pieces/kg","15.95","https://www.carrefourksa.com/mafsau/en/root-maf-category//food-cupboard/breakfast-cereals-bars/cereals/family-cereals/nestle-corn-flakes-375g-15-extra/p/368888",15.95
"Carrefour","Nestle cereals","Nestle cereals","Breakfast Cereals & Bars","Cereals","Nestle country cornflakes bar cereal with milk 20 g x 8","Yes","8","1 pieces/kg","17.50","https://www.carrefourksa.com/mafsau/en/root-maf-category//food-cupboard/breakfast-cereals-bars/cereals/family-cereal-bars/country-corn-flake-cereal-bar-20g-x/p/612631",17.5
"Carrefour","Poppins","Poppins","Breakfast Cereals & Bars","Cereals","Poppins chocolate bumps wheat flakes roasted in chocolate 375 g","No","NA","1 pieces/kg","20.75","https://www.carrefourksa.com/mafsau/en/root-maf-category//food-cupboard/breakfast-cereals-bars/cereals/kids-cereals/poppins-choco-bumps-375g/p/50350",20.75
"Carrefour","Poppins","Poppins","Breakfast Cereals & Bars","Cereals","Poppins choco bumps wheat flakes roasted in chocolate 750 g","No","NA","1 pieces/kg","33.75","https://www.carrefourksa.com/mafsau/en/root-maf-category//food-cupboard/breakfast-cereals-bars/cereals/kids-cereals/poppins-choco-bumps-750g/p/50357",33.75
"Carrefour","NESTLE:FITNESS","NESTLE:FITNESS","Breakfast Cereals & Bars","Cereals","Fitness origina fitness cereal made with whole grain 40 g","No","NA","1 pieces/kg","3.85","https://www.carrefourksa.com/mafsau/en/root-maf-category//food-cupboard/breakfast-cereals-bars/cereals/fitness-cereals/fitness-cereal-original-40g/p/419858",3.85
"Carrefour","Nature valley","Nature valley","Breakfast Cereals & Bars","Cereals","Nature valley crunchy apple crunch 42 g","No","NA","1 pieces/kg","2.75","https://www.carrefourksa.com/mafsau/en/root-maf-category//food-cupboard/breakfast-cereals-bars/cereals/family-cereal-bars/nature-valley-apple-crunch-42g/p/578535",2.75
"Carrefour","Weetabix","Weetabix","Breakfast Cereals & Bars","Cereals","Alpen blueberry, cherry and almond muesli 560g","No","NA","1 pieces/kg","29.50","https://www.carrefourksa.com/mafsau/en/root-maf-category//food-cupboard/breakfast-cereals-bars/cereals/fitness-cereals/alpen-blue-berry-560g/p/643303",29.5
"Carrefour","Lion","Lion","Breakfast Cereals & Bars","Cereals","LION CEREAL BAR 25G X6","No","NA","1 pieces/kg","15.50","https://www.carrefourksa.com/mafsau/en/root-maf-category//food-cupboard/breakfast-cereals-bars/cereals/kids-cereal-bars/lion-cereal-bar-25g-x6/p/653039",15.5
"Carrefour","NA","NA","Breakfast Cereals & Bars","Cereals","Bakalland ba energy bar breakfast cereal with 5 dried fruits 40 g","No","NA","1 pieces/kg","4.35","https://www.carrefourksa.com/mafsau/en/root-maf-category//food-cupboard/breakfast-cereals-bars/cereals/family-cereal-bars/ba-energy-bar-5-dried-fruits-40g/p/645038",4.35
"Carrefour","NA","NA","Breakfast Cereals & Bars","Cereals","Bakalland ba energy bar breakfast cereal with cocoa & milk 25 g × 6","No","NA","1 pieces/kg","14.95","https://www.carrefourksa.com/mafsau/en/root-maf-category//food-cupboard/breakfast-cereals-bars/cereals/family-cereal-bars/ba-kids-cereal-bar-cocoa-milk-240g/p/645042",14.95
"Carrefour","Nestle","Nestle","Breakfast Cereals & Bars","Cereals","Nat bears breakfast cereals 32gram x6","No","NA","1 pieces/kg","27.50","https://www.carrefourksa.com/mafsau/en/root-maf-category//food-cupboard/breakfast-cereals-bars/cereals/kids-cereals/nat-bears-honey-cereal-32g-x6/p/653057",27.5
"Carrefour","Weetabix","Weetabix","Breakfast Cereals & Bars","Cereals","Alpen strawberry 560 g","No","NA","1 pieces/kg","29.50","https://www.carrefourksa.com/mafsau/en/root-maf-category//food-cupboard/breakfast-cereals-bars/cereals/fitness-cereals/alpen-strawberry-560g/p/643304",29.5
"Carrefour","Poppins","Poppins","Breakfast Cereals & Bars","Cereals","POPPINS CHO RINGS MARSHMALOWS 350G","No","NA","1 pieces/kg","23.95","https://www.carrefourksa.com/mafsau/en/root-maf-category//food-cupboard/breakfast-cereals-bars/cereals/kids-cereals/poppins-cho-rings-marshmalows-350g/p/648092",23.95
"Carrefour","NESTLE:FITNESS","NESTLE:FITNESS","Breakfast Cereals & Bars","Cereals","Fitness chocolate fitness cereal made with whole grain 375 g","No","NA","1 pieces/kg","23.50","https://www.carrefourksa.com/mafsau/en/root-maf-category//food-cupboard/breakfast-cereals-bars/cereals/fitness-cereals/fitness-choco-375g/p/542371",23.5
"Carrefour","NA","NA","Breakfast Cereals & Bars","Cereals","Vitabella traditional choco crispies gluten free 300 g","No","NA","1 pieces/kg","23.95","https://www.carrefourksa.com/mafsau/en/root-maf-category//food-cupboard/breakfast-cereals-bars/cereals/family-cereals/vitabella-choc-crisp-c-flakes-300g/p/607484",23.95
"Carrefour","Nesquik","Nesquik","Breakfast Cereals & Bars","Cereals","Nesquik whole grain chocolate cereal bar 25 g","No","NA","1 pieces/kg","2.75","https://www.carrefourksa.com/mafsau/en/root-maf-category//food-cupboard/breakfast-cereals-bars/cereals/kids-cereal-bars/nesquik-cereal-bar-25g/p/561452",2.75
"Carrefour","NESTLE:FITNESS","NESTLE:FITNESS","Breakfast Cereals & Bars","Cereals","Fitness origina fitness cereal made with whole grain value pack 625 g","No","NA","1 pieces/kg","31.95","https://www.carrefourksa.com/mafsau/en/root-maf-category//food-cupboard/breakfast-cereals-bars/cereals/fitness-cereals/fitness-cereal-original-625g/p/597894",31.95
"Carrefour","Nestle cereals","Nestle cereals","Breakfast Cereals & Bars","Cereals","Honey cheerios 5 whole grains cereal 375 g","No","NA","1 pieces/kg","22.95","https://www.carrefourksa.com/mafsau/en/root-maf-category//food-cupboard/breakfast-cereals-bars/cereals/kids-cereals/cheerios-honey-375g/p/126111",22.95
"Carrefour","Alpen","Alpen","Breakfast Cereals & Bars","Cereals","Alpen Cereal Bar Strawberry Yoghurt x 5 Pieces","No","NA","1 pieces/kg","16.95","https://www.carrefourksa.com/mafsau/en/root-maf-category//food-cupboard/breakfast-cereals-bars/cereals/family-cereal-bars/alpen-strawberry-yoghurt-29g-x5/p/462482",16.95
"Carrefour","NESTLE:FITNESS","NESTLE:FITNESS","Breakfast Cereals & Bars","Cereals","Fitness origina fitness cereal made with whole grain 375 g","No","NA","1 pieces/kg","24.50","https://www.carrefourksa.com/mafsau/en/root-maf-category//food-cupboard/breakfast-cereals-bars/cereals/fitness-cereals/fitness-cereal-low-fat-375g/p/126229",24.5
"Carrefour","Kellogg's","Kellogg's","Breakfast Cereals & Bars","Cereals","Kellogg's coco pops chocolate flavor toasted rice 500 g","No","NA","1 pieces/kg","27.90","https://www.carrefourksa.com/mafsau/en/root-maf-category//food-cupboard/breakfast-cereals-bars/cereals/kids-cereals/kellogg-s-coco-pops-500g/p/542051",27.9
"Carrefour","Green valley","Green valley","Breakfast Cereals & Bars","Cereals","Nature valley crunchy granola bars apple crunch 42 g x 6","Yes","6","1 pieces/kg","12.50SAR","https://www.carrefourksa.com/mafsau/en/root-maf-category//food-cupboard/breakfast-cereals-bars/cereals/family-cereal-bars/n-valley-granola-bars-apple-252g/p/441677",12.5
"Carrefour","Nestle cereals","Nestle cereals","Breakfast Cereals & Bars","Cereals","Country corn flakes 700 g","No","NA","1 pieces/kg","25.50","https://www.carrefourksa.com/mafsau/en/root-maf-category//food-cupboard/breakfast-cereals-bars/cereals/family-cereals/country-corn-flakes-700g/p/126114",25.5
"Carrefour","Alpen","Alpen","Breakfast Cereals & Bars","Cereals","Alpen Cereal Bar Fruit & Nut With Milk Chocolate x 5 Pieces","No","NA","1 pieces/kg","16.95","https://www.carrefourksa.com/mafsau/en/root-maf-category//food-cupboard/breakfast-cereals-bars/cereals/family-cereal-bars/alpen-fruit-nut-chocolate-145g/p/462481",16.95
"Carrefour","Lion","Lion","Breakfast Cereals & Bars","Cereals","Lion whole whetat cereal flavoured caramel & chocolate 400 g","No","NA","1 pieces/kg","23.95","https://www.carrefourksa.com/mafsau/en/root-maf-category//food-cupboard/breakfast-cereals-bars/cereals/kids-cereals/lion-cereals-crml-choco-400g/p/550180",23.95
"Carrefour","Weetabix","Weetabix","Breakfast Cereals & Bars","Cereals","Alpen light chocolate & fudge bars 19 g × 5","No","NA","1 pieces/kg","16.95","https://www.carrefourksa.com/mafsau/en/root-maf-category//food-cupboard/breakfast-cereals-bars/cereals/family-cereal-bars/alpen-light-choco-fudge-bar-19g-x5/p/643299",16.95
"Carrefour","Nestle cereals","Nestle cereals","Breakfast Cereals & Bars","Cereals","Cookie crisp chocolate chip breakfast cereal 375 g","No","NA","1 pieces/kg","23.95","https://www.carrefourksa.com/mafsau/en/root-maf-category//food-cupboard/breakfast-cereals-bars/cereals/kids-cereals/nestle-cookie-crisp-375g/p/340641",23.95
"Carrefour","NESTLE:FITNESS","NESTLE:FITNESS","Breakfast Cereals & Bars","Cereals","Fitness breakfast cereal bar with whole grain & strawberry 23.5 g x 6 pieces","No","NA","1 pieces/kg","19.95","https://www.carrefourksa.com/mafsau/en/root-maf-category//food-cupboard/breakfast-cereals-bars/cereals/family-cereal-bars/fitness-cereal-bar-strbry-23-5g-x6/p/561449",19.95
"Carrefour","Nestle cereals","Nestle cereals","Breakfast Cereals & Bars","Cereals","Country corn flakes 575 g + 15 % free","No","NA","1 pieces/kg","19.95","https://www.carrefourksa.com/mafsau/en/root-maf-category//food-cupboard/breakfast-cereals-bars/cereals/family-cereals/country-corn-flakes-500g-15-extra/p/166214",19.95
"Carrefour","Chocapic","Chocapic","Breakfast Cereals & Bars","Cereals","Chocapic chcolate cereal bar 25 g","No","NA","1 pieces/kg","2.75","https://www.carrefourksa.com/mafsau/en/root-maf-category//food-cupboard/breakfast-cereals-bars/cereals/kids-cereal-bars/chocapic-cereal-bar-23-5g/p/606116",2.75
"Carrefour","Nature valley","Nature valley","Breakfast Cereals & Bars","Cereals","Natural valley granola bars cinnamon crunch 42 g × 6","No","NA","1 pieces/kg","12.50SAR","https://www.carrefourksa.com/mafsau/en/root-maf-category//food-cupboard/breakfast-cereals-bars/cereals/family-cereal-bars/nature-valley-cinnamon-42g-x6/p/560891",12.5
"Carrefour","Kellogg's","Kellogg's","Breakfast Cereals & Bars","Cereals","Kellogg's smacks puffed wheat with sugar , glucose syrup & homey 375 g","No","NA","1 pieces/kg","26.60","https://www.carrefourksa.com/mafsau/en/root-maf-category//food-cupboard/breakfast-cereals-bars/cereals/kids-cereals/kellogg-s-smacks-375g/p/95745",26.6
"Carrefour","NA","NA","Breakfast Cereals & Bars","Cereals","Bakalland ba energy bar breakfast cereal with quinoa seeds and strawberries 30 g × 6","No","NA","1 pieces/kg","23.75","https://www.carrefourksa.com/mafsau/en/root-maf-category//food-cupboard/breakfast-cereals-bars/cereals/family-cereal-bars/ba-energy-bar-strwbery-quinoa-240g/p/645041",23.75
"Carrefour","NESTLE:FITNESS","NESTLE:FITNESS","Breakfast Cereals & Bars","Cereals","Fitness fruits fitness cereal made with whole grain 375 g","No","NA","1 pieces/kg","25.95","https://www.carrefourksa.com/mafsau/en/root-maf-category//food-cupboard/breakfast-cereals-bars/cereals/fitness-cereals/fitness-fruit-375g/p/204440",25.95
"Carrefour","Kellogg's","Kellogg's","Breakfast Cereals & Bars","Cereals","Kellogg's corn flakes the original 1 kg","No","NA","1 pieces/kg","34.95","https://www.carrefourksa.com/mafsau/en/root-maf-category//food-cupboard/breakfast-cereals-bars/cereals/family-cereals/kellogg-s-corn-flakes-1kg/p/412511",34.95
"Carrefour","Nesquik","Nesquik","Breakfast Cereals & Bars","Cereals","Nesquik whole grain chocolate cereal bar 25 g x 6 pieces","No","NA","1 pieces/kg","15.95","https://www.carrefourksa.com/mafsau/en/root-maf-category//food-cupboard/breakfast-cereals-bars/cereals/kids-cereal-bars/nesquik-cereal-bar-25g-x6/p/561453",15.95
"Carrefour","Nature valley","Nature valley","Breakfast Cereals & Bars","Cereals","Nature valley oats & berries 42 g","No","NA","1 pieces/kg","3.50","https://www.carrefourksa.com/mafsau/en/root-maf-category//food-cupboard/breakfast-cereals-bars/cereals/family-cereal-bars/nature-v-oats-berries-42g/p/506983",3.5
"Carrefour","Weetabix","Weetabix","Breakfast Cereals & Bars","Cereals","Weetabix Crunchy Bran 375 g","No","NA","1 pieces/kg","18.95","https://www.carrefourksa.com/mafsau/en/root-maf-category//food-cupboard/breakfast-cereals-bars/cereals/fitness-cereals/weetabix-crunchy-bran-cereal-375g/p/563016",18.95
"Carrefour","Poppins","Poppins","Breakfast Cereals & Bars","Cereals","Poppins Honey Flakes Cereal 750g","No","NA","1 pieces/kg","30.95","https://www.carrefourksa.com/mafsau/en/root-maf-category//food-cupboard/breakfast-cereals-bars/cereals/kids-cereals/poppins-hony-flakes-750g/p/50361",30.95
"Carrefour","Nesquik","Nesquik","Breakfast Cereals & Bars","Cereals","Nesquik cereals chocolate flavoured 375 g","No","NA","1 pieces/kg","24.50","https://www.carrefourksa.com/mafsau/en/root-maf-category//food-cupboard/breakfast-cereals-bars/cereals/kids-cereals/nesquik-cereal-375g/p/126105",24.5
"Carrefour","NA","NA","Breakfast Cereals & Bars","Cereals","Bakalland ba energy bar breakfast cereal with cranberries and orange 40 g","No","NA","1 pieces/kg","4.35","https://www.carrefourksa.com/mafsau/en/root-maf-category//food-cupboard/breakfast-cereals-bars/cereals/family-cereal-bars/ba-energy-bar-cranbery-orange-40g/p/645037",4.35
"Carrefour","NESTLE:FITNESS","NESTLE:FITNESS","Breakfast Cereals & Bars","Cereals","Nestle fitness bar crunchy caramel 23.5 g","No","NA","1 pieces/kg","3.85","https://www.carrefourksa.com/mafsau/en/root-maf-category//food-cupboard/breakfast-cereals-bars/cereals/family-cereal-bars/fitness-cereal-bar-crml-23-5g/p/606115",3.85
"Carrefour","Poppins","Poppins","Breakfast Cereals & Bars","Cereals","Poppins choco pops chocolate coated rice &maize balls 375 g","No","NA","1 pieces/kg","20.75","https://www.carrefourksa.com/mafsau/en/root-maf-category//food-cupboard/breakfast-cereals-bars/cereals/kids-cereals/poppins-choco-pops-375g/p/50349",20.75
"Carrefour","Green valley","Green valley","Breakfast Cereals & Bars","Cereals","Nature valley oats & roasted almond crunchy granola bars 42 g x 6 pieces","No","NA","1 pieces/kg","12.50SAR","https://www.carrefourksa.com/mafsau/en/root-maf-category//food-cupboard/breakfast-cereals-bars/cereals/family-cereal-bars/n-valley-granola-bars-almond252g/p/441679",12.5
"Carrefour","Nestle cereals","Nestle cereals","Breakfast Cereals & Bars","Cereals","Nestle country cornflakes bar 20 g x 8","Yes","8","1 pieces/kg","17.50","https://www.carrefourksa.com/mafsau/en/root-maf-category//food-cupboard/breakfast-cereals-bars/cereals/family-cereal-bars/country-corn-flake-bar-cardm-20g-x8/p/615473",17.5
"Carrefour","NESTLE:FITNESS","NESTLE:FITNESS","Breakfast Cereals & Bars","Cereals","Nestle fitness chocolate 375 g + 20% free","No","NA","1 pieces/kg","23.50","https://www.carrefourksa.com/mafsau/en/root-maf-category//food-cupboard/breakfast-cereals-bars/cereals/fitness-cereals/fitness-choco-375g-20-free/p/550181",23.5
"Carrefour","Nestle cereals","Nestle cereals","Breakfast Cereals & Bars","Cereals","Country corn flakes value pack 1 kg","No","NA","1 pieces/kg","35.70","https://www.carrefourksa.com/mafsau/en/root-maf-category//food-cupboard/breakfast-cereals-bars/cereals/family-cereals/country-corn-flakes-1kg/p/522894",35.7
"Carrefour","Nesquik","Nesquik","Breakfast Cereals & Bars","Cereals","Nesquik cereals chocolate flavoured economy pack 625 g","No","NA","1 pieces/kg","35.95","https://www.carrefourksa.com/mafsau/en/root-maf-category//food-cupboard/breakfast-cereals-bars/cereals/kids-cereals/nesquik-choco-cereal-625g/p/478547",35.95
"Carrefour","Poppins","Poppins","Breakfast Cereals & Bars","Cereals","Poppins choco flakes chocolate 375 g","No","NA","1 pieces/kg","20.75","https://www.carrefourksa.com/mafsau/en/root-maf-category//food-cupboard/breakfast-cereals-bars/cereals/kids-cereals/poppins-choco-flakes-375g/p/50351",20.75
"Carrefour","NESTLE:FITNESS","NESTLE:FITNESS","Breakfast Cereals & Bars","Cereals","Nestle fitness yoghurt with oat 350 g","No","NA","1 pieces/kg","25.50","https://www.carrefourksa.com/mafsau/en/root-maf-category//food-cupboard/breakfast-cereals-bars/cereals/fitness-cereals/fitness-yogurt-with-oat-350g/p/654289",25.5
"Carrefour","Lion","Lion","Breakfast Cereals & Bars","Cereals","LION WILD CRML & CHO CEREALS 410G","No","NA","1 pieces/kg","28.95","https://www.carrefourksa.com/mafsau/en/root-maf-category//food-cupboard/breakfast-cereals-bars/cereals/kids-cereals/lion-wild-crml-cho-cereals-410g/p/647973",28.95
"Carrefour","Kellogg's","Kellogg's","Breakfast Cereals & Bars","Cereals","Kellogg's coco pops chocos crunchy chocolate flavour wheat cereal375 g","No","NA","1 pieces/kg","16.95SAR","https://www.carrefourksa.com/mafsau/en/root-maf-category//food-cupboard/breakfast-cereals-bars/cereals/kids-cereals/kellogg-s-cocopop-chocwht-cerl-375g/p/95750",16.95
"Carrefour","Nature valley","Nature valley","Breakfast Cereals & Bars","Cereals","Nature valley oats coconut crunch 42 g x 6","Yes","6","1 pieces/kg","12.50SAR","https://www.carrefourksa.com/mafsau/en/root-maf-category//food-cupboard/breakfast-cereals-bars/cereals/family-cereal-bars/nature-valley-coconut-crunch-42g-x6/p/568545",12.5
"Carrefour","Poppins","Poppins","Breakfast Cereals & Bars","Cereals","Poppins toasted corn flakes 375 g","No","NA","1 pieces/kg","13.25","https://www.carrefourksa.com/mafsau/en/root-maf-category//food-cupboard/breakfast-cereals-bars/cereals/fitness-cereals/poppins-filck-flakes-375g/p/50337",13.25
"Carrefour","Nature valley","Nature valley","Breakfast Cereals & Bars","Cereals","Nature Valley Oats & Chocolate Bars 42 g","No","NA","1 pieces/kg","3.50","https://www.carrefourksa.com/mafsau/en/root-maf-category//food-cupboard/breakfast-cereals-bars/cereals/family-cereal-bars/nature-valley-oats-choco-42g/p/478267",3.5
"Carrefour","Kellogg's","Kellogg's","Breakfast Cereals & Bars","Cereals","Kellogg's frosties sugar frosted flakes of corn 250 g","No","NA","1 pieces/kg","18.95","https://www.carrefourksa.com/mafsau/en/root-maf-category//food-cupboard/breakfast-cereals-bars/cereals/kids-cereals/kellogg-s-frosties-230g/p/95741",18.95
"Carrefour","Eggo","Eggo","Breakfast Cereals & Bars","Cereals","Kellogg's coco pops cereal bar 20 g","No","NA","1 pieces/kg","2.15","https://www.carrefourksa.com/mafsau/en/root-maf-category//food-cupboard/breakfast-cereals-bars/cereals/kids-cereal-bars/kellogg-s-coco-pops-cereal-bar-20g/p/614648",2.15
"Carrefour","Nestle","Nestle","Breakfast Cereals & Bars","Cereals","Nestle go free corn flakes 500g","No","NA","1 pieces/kg","20.75","https://www.carrefourksa.com/mafsau/en/root-maf-category//food-cupboard/breakfast-cereals-bars/cereals/family-cereals/nestle-go-free-corn-flakes-500g/p/659882",20.75
"Carrefour","Poppins","Poppins","Breakfast Cereals & Bars","Cereals","Poppins toasted corn flakes 750 g","No","NA","1 pieces/kg","22.95","https://www.carrefourksa.com/mafsau/en/root-maf-category//food-cupboard/breakfast-cereals-bars/cereals/family-cereals/poppins-corn-flake-750g/p/50338",22.95
"Carrefour","NESTLE:FITNESS","NESTLE:FITNESS","Breakfast Cereals & Bars","Cereals","Fitness breakfast cereal bar with whole grain & chocolate 23.5 g x 6 pieces","No","NA","1 pieces/kg","19.95","https://www.carrefourksa.com/mafsau/en/root-maf-category//food-cupboard/breakfast-cereals-bars/cereals/family-cereal-bars/fitness-cereal-bar-choco-23-5g-x6/p/561451",19.95
"Carrefour","Kellogg's","Kellogg's","Breakfast Cereals & Bars","Cereals","Kellogg's special k with red fruits 350 g","No","NA","1 pieces/kg","29.95","https://www.carrefourksa.com/mafsau/en/root-maf-category//food-cupboard/breakfast-cereals-bars/cereals/fitness-cereals/kellogg-s-special-k-red-fruits-350g/p/463159",29.95
"Carrefour","NA","NA","Breakfast Cereals & Bars","Cereals","Kelloggs coco pops cereals 720g","No","NA","1 pieces/kg","37.25","https://www.carrefourksa.com/mafsau/en/root-maf-category//food-cupboard/breakfast-cereals-bars/cereals/kids-cereals/kellogg-s-coco-pops-cereals-720g/p/661579",37.25
"Carrefour","Weetabix","Weetabix","Breakfast Cereals & Bars","Cereals","Weetabix Minis Fruit & Nut Crisps 450 g","No","NA","1 pieces/kg","25.25","https://www.carrefourksa.com/mafsau/en/root-maf-category//food-cupboard/breakfast-cereals-bars/cereals/fitness-cereals/weetabix-minis-fruit-nut-450g/p/223106",25.25
"Carrefour","Poppins","Poppins","Breakfast Cereals & Bars","Cereals","Poppins frosted flakes cereal 750 g","No","NA","1 pieces/kg","33.75","https://www.carrefourksa.com/mafsau/en/root-maf-category//food-cupboard/breakfast-cereals-bars/cereals/kids-cereals/poppins-snowies-750g/p/50360",33.75
"Carrefour","Kellogg's","Kellogg's","Breakfast Cereals & Bars","Cereals","Kellogg's corn flakes the original 500 g","No","NA","1 pieces/kg","19.95","https://www.carrefourksa.com/mafsau/en/root-maf-category//food-cupboard/breakfast-cereals-bars/cereals/family-cereals/kellogg-s-corn-flakes-500g/p/95739",19.95
"Carrefour","Weetabix","Weetabix","Breakfast Cereals & Bars","Cereals","Alpen light double chocolate bars 19 g × 5","No","NA","1 pieces/kg","16.95","https://www.carrefourksa.com/mafsau/en/root-maf-category//food-cupboard/breakfast-cereals-bars/cereals/family-cereal-bars/alpen-light-double-choco-bar-19g-x5/p/643300",16.95
"Carrefour","Poppins","Poppins","Breakfast Cereals & Bars","Cereals","Poppins toasted corn flakes 1 kg","No","NA","1 pieces/kg","28.25","https://www.carrefourksa.com/mafsau/en/root-maf-category//food-cupboard/breakfast-cereals-bars/cereals/family-cereals/poppins-corn-flakes-toasted-1kg/p/50335",28.25
"Carrefour","Kellogg's","Kellogg's","Breakfast Cereals & Bars","Cereals","Kelloggs all bran flakes fiber protein 375 g","No","NA","1 pieces/kg","28.50","https://www.carrefourksa.com/mafsau/en/root-maf-category//food-cupboard/breakfast-cereals-bars/cereals/fitness-cereals/kellogg-s-all-bran-flakes-375g/p/95748",28.5
"Carrefour","NESTLE:FITNESS","NESTLE:FITNESS","Breakfast Cereals & Bars","Cereals","Fitness breakfast cereal bar with whole grain & crunchy caramel 23.5 g x 6 pieces","No","NA","1 pieces/kg","19.95","https://www.carrefourksa.com/mafsau/en/root-maf-category//food-cupboard/breakfast-cereals-bars/cereals/family-cereal-bars/fitness-cereal-bar-crml-23-5g-x6/p/606101",19.95
"Carrefour","Kellogg's","Kellogg's","Breakfast Cereals & Bars","Cereals","Kellogg's rice krispies cereal 375 g","No","NA","1 pieces/kg","26.95","https://www.carrefourksa.com/mafsau/en/root-maf-category//food-cupboard/breakfast-cereals-bars/cereals/kids-cereals/kellogg-s-rice-krispies-375g/p/95743",26.95
"Carrefour","General mills","General mills","Breakfast Cereals & Bars","Cereals","General mills reese's puffs cereal 326g","No","NA","1 pieces/kg","36.50","https://www.carrefourksa.com/mafsau/en/root-maf-category//food-cupboard/breakfast-cereals-bars/cereals/kids-cereals/gm-reeses-puffs-cereal-326g/p/633039",36.5
"Carrefour","Nestle cereals","Nestle cereals","Breakfast Cereals & Bars","Cereals","Country corn flakes honey 375 g","No","NA","1 pieces/kg","21.50","https://www.carrefourksa.com/mafsau/en/root-maf-category//food-cupboard/breakfast-cereals-bars/cereals/family-cereals/country-corn-flakes-honey-375g/p/552877",21.5
"Carrefour","Nature valley","Nature valley","Breakfast Cereals & Bars","Cereals","Nature valley protein bare salted cararmel nuts 40 g x 4","Yes","4","1 pieces/kg","19.25","https://www.carrefourksa.com/mafsau/en/root-maf-category//food-cupboard/breakfast-cereals-bars/cereals/family-cereal-bars/naturevalley-protein-crml-nut40g-x4/p/624663",19.25
"Carrefour","Nestle cereals","Nestle cereals","Breakfast Cereals & Bars","Cereals","Cheerios multi whole grains cereal 375 g","No","NA","1 pieces/kg","22.95","https://www.carrefourksa.com/mafsau/en/root-maf-category//food-cupboard/breakfast-cereals-bars/cereals/kids-cereals/cheerios-multigrain-375g/p/126110",22.95
"Carrefour","Kellogg's","Kellogg's","Breakfast Cereals & Bars","Cereals","Kellogg's maxi frosties sugar frosted flakes of corn 750 g","No","NA","1 pieces/kg","37.95","https://www.carrefourksa.com/mafsau/en/root-maf-category//food-cupboard/breakfast-cereals-bars/cereals/kids-cereals/kellogg-s-frosties-750g/p/95740",37.95
"Carrefour","Poppins","Poppins","Breakfast Cereals & Bars","Cereals","Poppins choco bits 375 g","No","NA","1 pieces/kg","20.75","https://www.carrefourksa.com/mafsau/en/root-maf-category//food-cupboard/breakfast-cereals-bars/cereals/kids-cereals/poppins-choco-bits-375g/p/50352",20.75
"Carrefour","Weetabix","Weetabix","Breakfast Cereals & Bars","Cereals","Weetabix weetos with chocolate wholegrain 500 g","No","NA","1 pieces/kg","27.95","https://www.carrefourksa.com/mafsau/en/root-maf-category//food-cupboard/breakfast-cereals-bars/cereals/fitness-cereals/weetabix-chocolate-500g/p/643298",27.95
"Carrefour","Nestle cereals","Nestle cereals","Breakfast Cereals & Bars","Cereals","Country corn flakes 375 g","No","NA","1 pieces/kg","15.95","https://www.carrefourksa.com/mafsau/en/root-maf-category//food-cupboard/breakfast-cereals-bars/cereals/family-cereals/country-corn-flakes-375g/p/126113",15.95
"Carrefour","Nature valley","Nature valley","Breakfast Cereals & Bars","Cereals","Nature valley protein bare pnut and chocolate 40 g x 4","Yes","4","1 pieces/kg","19.25","https://www.carrefourksa.com/mafsau/en/root-maf-category//food-cupboard/breakfast-cereals-bars/cereals/family-cereal-bars/naturevalley-protein-pnut-cho40g-x4/p/624665",19.25
"Carrefour","Jordans","Jordans","Breakfast Cereals & Bars","Cereals","Jordans oat with honey & nut 500 g","No","NA","1 pieces/kg","20.95SAR","https://www.carrefourksa.com/mafsau/en/root-maf-category//food-cupboard/breakfast-cereals-bars/cereals/fitness-cereals/jordons-honey-nut-cereal-500g/p/512410",20.95
"Carrefour","Kellogg's","Kellogg's","Breakfast Cereals & Bars","Cereals","Kellogg's special k original 375 g","No","NA","1 pieces/kg","26.95","https://www.carrefourksa.com/mafsau/en/root-maf-category//food-cupboard/breakfast-cereals-bars/cereals/fitness-cereals/kellogg-s-k-special-k-375g/p/95835",26.95
"Carrefour","Weetabix","Weetabix","Breakfast Cereals & Bars","Cereals","Weetabix originals Wholegrain Wheat breakfast cereal 215 g","No","NA","1 pieces/kg","11.95","https://www.carrefourksa.com/mafsau/en/root-maf-category//food-cupboard/breakfast-cereals-bars/cereals/fitness-cereals/weetabix-original-215g/p/106083",11.95
"Carrefour","Weetabix","Weetabix","Breakfast Cereals & Bars","Cereals","Weetabix minis chocolate chip 450 g","No","NA","1 pieces/kg","25.25","https://www.carrefourksa.com/mafsau/en/root-maf-category//food-cupboard/breakfast-cereals-bars/cereals/fitness-cereals/weetabix-minis-choco-cereal-450g/p/223105",25.25
"Carrefour","Weetabix","Weetabix","Breakfast Cereals & Bars","Cereals","Weetabix weetos choco wholegrain cereal 375 g","No","NA","1 pieces/kg","22.50","https://www.carrefourksa.com/mafsau/en/root-maf-category//food-cupboard/breakfast-cereals-bars/cereals/kids-cereals/weetabix-weetos-375g/p/130409",22.5
"Carrefour","Kellogg's","Kellogg's","Breakfast Cereals & Bars","Cereals","Kellogg's special k milk chocolate cereal 300 g","No","NA","1 pieces/kg","26.95","https://www.carrefourksa.com/mafsau/en/root-maf-category//food-cupboard/breakfast-cereals-bars/cereals/fitness-cereals/kellogg-s-special-k-milk-choco-300g/p/447562",26.95
"Carrefour","Cheerios","Cheerios","Breakfast Cereals & Bars","Cereals","Nestle cherios wholegrain oats 375g","No","NA","1 pieces/kg","22.95","https://www.carrefourksa.com/mafsau/en/root-maf-category//food-cupboard/breakfast-cereals-bars/cereals/kids-cereals/cheerios-wholegrain-oats-375g/p/660833",22.95
"Carrefour","General mills","General mills","Breakfast Cereals & Bars","Cereals","GM TRIX CEREAL DR 419G","No","NA","1 pieces/kg","38.95","https://www.carrefourksa.com/mafsau/en/root-maf-category//food-cupboard/breakfast-cereals-bars/cereals/kids-cereals/gm-trix-cereal-dr-419g/p/622943",38.95
"Carrefour","Nestle cereals","Nestle cereals","Breakfast Cereals & Bars","Cereals","Nestle country cornflakes bar orginal 20 g","No","NA","1 pieces/kg","2.75","https://www.carrefourksa.com/mafsau/en/root-maf-category//food-cupboard/breakfast-cereals-bars/cereals/family-cereal-bars/country-corn-flake-bar-orginal-20g/p/615474",2.75
"Carrefour","Poppins","Poppins","Breakfast Cereals & Bars","Cereals","Poppins choco bits rice and chocolate roasted corn 750 g","No","NA","1 pieces/kg","33.75","https://www.carrefourksa.com/mafsau/en/root-maf-category//food-cupboard/breakfast-cereals-bars/cereals/kids-cereals/poppins-choco-bits-750g/p/50359",33.75
"Carrefour","Kellogg's","Kellogg's","Breakfast Cereals & Bars","Cereals","Kellogg's corn flakes the original 375 g","No","NA","1 pieces/kg","16.50","https://www.carrefourksa.com/mafsau/en/root-maf-category//food-cupboard/breakfast-cereals-bars/cereals/family-cereals/kellogg-s-cornflakes-375g/p/95737",16.5
"Carrefour","Nesquik","Nesquik","Breakfast Cereals & Bars","Cereals","Nesquik cocoa crush 360g","No","NA","1 pieces/kg","25.15","https://www.carrefourksa.com/mafsau/en/root-maf-category//food-cupboard/breakfast-cereals-bars/cereals/kids-cereals/nesquik-cocoa-crush-360g/p/660836",25.15
"Carrefour","Weetabix","Weetabix","Breakfast Cereals & Bars","Cereals","Alpen original cereal 375g","No","NA","1 pieces/kg","19.75","https://www.carrefourksa.com/mafsau/en/root-maf-category//food-cupboard/breakfast-cereals-bars/cereals/fitness-cereals/alpen-original-375g/p/643297",19.75
"Carrefour","Nesquik","Nesquik","Breakfast Cereals & Bars","Cereals","Nestle nesquik banana crush cereal 350g","No","NA","1 pieces/kg","25.15","https://www.carrefourksa.com/mafsau/en/root-maf-category//food-cupboard/breakfast-cereals-bars/cereals/kids-cereals/nesquik-banana-crush-350g/p/660837",25.15
"Carrefour","Alpen","Alpen","Breakfast Cereals & Bars","Cereals","Alpen Fruit & Nut Bar 29 g x5","No","NA","1 pieces/kg","16.95","https://www.carrefourksa.com/mafsau/en/root-maf-category//food-cupboard/breakfast-cereals-bars/cereals/family-cereal-bars/alpen-fruits-nuts-140g/p/462480",16.95
"Carrefour","Chocapic","Chocapic","Breakfast Cereals & Bars","Cereals","Chocapic chocolate cereal bar 23.5 g x 6","Yes","6","1 pieces/kg","15.95","https://www.carrefourksa.com/mafsau/en/root-maf-category//food-cupboard/breakfast-cereals-bars/cereals/kids-cereal-bars/chocapic-cereal-bar-23-5g-x6/p/606103",15.95
"Carrefour","Kellogg's","Kellogg's","Breakfast Cereals & Bars","Cereals","Kellogg's moons & stars chocolate and banana cereal 300g","No","NA","1 pieces/kg","26.25","https://www.carrefourksa.com/mafsau/en/root-maf-category//food-cupboard/breakfast-cereals-bars/cereals/kids-cereals/kellogg-s-moons-stars-cereals-300/p/661581",26.25
"Carrefour","Familia","Familia","Breakfast Cereals & Bars","Cereals","Familia Swiss Choco Bits 375 g","No","NA","1 pieces/kg","36.95","https://www.carrefourksa.com/mafsau/en/root-maf-category//food-cupboard/breakfast-cereals-bars/cereals/kids-cereals/familia-swiss-chcoc-bites-375g/p/551189",36.95
"Carrefour","NA","NA","Breakfast Cereals & Bars","Cereals","Bakalland ba energy bar breakfast cereal with cranberry and orange 240 g","No","NA","1 pieces/kg","22.50","https://www.carrefourksa.com/mafsau/en/root-maf-category//food-cupboard/breakfast-cereals-bars/cereals/family-cereal-bars/ba-energy-bar-cranbery-orange-240g/p/645039",22.5
"Carrefour","Kellogg's","Kellogg's","Breakfast Cereals & Bars","Cereals","Kellogg's frosties sugar frosted flakes of corn 500 g","No","NA","1 pieces/kg","27.90","https://www.carrefourksa.com/mafsau/en/root-maf-category//food-cupboard/breakfast-cereals-bars/cereals/kids-cereals/kellogg-s-frosties-500g/p/95742",27.9
"Carrefour","Carrefour","Carrefour","Breakfast Cereals & Bars","Cereals","Carrefour orange chocolate cereal bar 125 g","No","NA","1 pieces/kg","8.95","https://www.carrefourksa.com/mafsau/en/root-maf-category//food-cupboard/breakfast-cereals-bars/cereals/family-cereal-bars/crf-orange-choco-cereal-bars-125g/p/616273",8.95
"Carrefour","Tiffany","Tiffany","Breakfast Cereals & Bars","Cereals","Tiffany orbs chocolate bits 15g","No","NA","1 pieces/kg","0.50","https://www.carrefourksa.com/mafsau/en/root-maf-category//food-cupboard/breakfast-cereals-bars/cereals/kids-cereals/tiffany-orbs-choco-bits-15g/p/667364",0.5
"Carrefour","Eggo","Eggo","Breakfast Cereals & Bars","Cereals","Kelloggs Rice Krispies Bars 20 g x 6 Pieces","No","NA","1 pieces/kg","10.50","https://www.carrefourksa.com/mafsau/en/root-maf-category//food-cupboard/breakfast-cereals-bars/cereals/kids-cereal-bars/kellogg-s-rice-krispies-pars-20g-x6/p/599123",10.5
"Carrefour","Kellogg's","Kellogg's","Breakfast Cereals & Bars","Cereals","Kellogg's corn flakes the original 750 g","No","NA","1 pieces/kg","20.95SAR","https://www.carrefourksa.com/mafsau/en/root-maf-category//food-cupboard/breakfast-cereals-bars/cereals/family-cereals/kellogg-s-cornflakes-750g/p/95738",20.95
"Carrefour","Green valley","Green valley","Breakfast Cereals & Bars","Cereals","Nature valley crunchy granola bars oats honey 42 g x 6","Yes","6","1 pieces/kg","12.50SAR","https://www.carrefourksa.com/mafsau/en/root-maf-category//food-cupboard/breakfast-cereals-bars/cereals/family-cereal-bars/nv-oats-honey-cereal-bar-42g-x6/p/441678",12.5
"Carrefour","NESTLE:FITNESS","NESTLE:FITNESS","Breakfast Cereals & Bars","Cereals","Fitness honey & almond fitness cereal made with whole grain 355 g","No","NA","1 pieces/kg","25.95","https://www.carrefourksa.com/mafsau/en/root-maf-category//food-cupboard/breakfast-cereals-bars/cereals/fitness-cereals/fitness-honey-almond-355g/p/434946",25.95
